cliente_id,nome
2,Azuton
7,Supercatalao
20,Napoli Contabil
21,SulSoft
30,Metal Terra
31,Cobra Comercio
34,Nucleo Cristao
41,Wizard Feira de Santana
44,Davs Tecnologia
51,Grupo Unika
53,Integral Trust
54,Madi Consultoria
55,Syclus
56,Gringo
58,Servmix
59,Adesampa
61,Control Pred
62,Universidade Catolica Paulista
65,Hiperfesta
66,Quantum Contabilidade
69,Zarelli Contabilidade e Consultoria
71,Andritz Group
73,Master Consultores
74,Arquivoteca Central
78,Grupo Integre
79,Contjamax Assessoria
80,Davs Protecta
84,Informatec
85,G2 Aser Networks
86,Apetece Alimentacao
87,Grupo Polen
89,Ativa IT
90,Dr Cash
91,Mercado Pecas
92,Audio Rio
93,Medic Stock
94,AMG Contabil
95,Clinica CMP
96,Federal Bus
97,Solution Eletroeletronica
98,Hiperfesta 2
99,Agile Minerals
101,Katun
102,Nakamura Produtos Naturais
103,Vital Nutre
104,Quemais Comunica玢o
105,Systemtec Informatica LTDA
106,Impacto Automa玢o
107,Celebra Assistencia
108,Eletrica Area
109,Davs Master
110,Vinefarma Medicamentos
112,Nova Equipe Contabil
113,Davs Provida
117,Conrisks Seguros e Garantias
118,Moto Turbo Goiania
119,Davs Nk2
120,BBA Advogados Associados
121,Cartorio Duque de Caxias
122,JN Stell Bijouterias
124,RapidoNet
125,Rossi Assessoria e Consultoria
126,Iteva - Instituto Tecnologico Vocacional
128,Contconnect
129,Chinaglia Oliveira Advogados
130,Grupo Novais
131,Vale Mais Distribuidora
132,Tasa do Brasil
133,Ortec Contabilidade
134,Nova LC Rocha Contabil
135,Dan Solu珲es
136,Serrana Cosmeticos
137,Edil Gerenciamento de Projetos
138,Marktec Telecomunica珲es
139,Machu Picchu Brasil
140,WCA Consultoria
141,Zip Cartuchos
142,Andritz Group - Porto Alegre
144,Acao Positiva
147,Sempre Seguro
149,Michaelsoft
150,Alavancar Administradora
152,Tekon Informatica
153,Quorum
157,Bom Fim Imoveis
158,Soubhia
160,2P Telecom
161,Bioquality
164,Opcao Condominios
165,Contabilnew Contabilidade
167,Informe Service
168,Rocco
170,Dock Pizzas
173,Plano Frio Refrigeracao
174,Grupo Hawk
175,Altamar
176,Iccap Maraba
177,Metroleste
178,Piccagli Seguros
179,Setor Beneficios
180,Poli Eletrica
181,Candido Bernardes
182,Costa Rica Colchoes
183,Palma Advogados
184,Impacto Fortius Consultoria
186,Linter Sistemas
187,Sollo Locadora
188,Morata Pereira
189,Mais Foto
191,Impacto Mundo Virtual
192,Mecs Borrachas
193,Cartorio Itaborai
194,Impacto Goal Comercial
195,Asprofili
197,Transcargo
198,Conectiva
199,Merchant Plasticos
200,Sinalfer
201,Impacto Casarin
202,Nardy
203,IPR Mind
204,Impacto Limpio Comercio
205,Impacto Marcodes Cursos
206,Net Faga
208,Rio Shop
209,Impacto Demonstra玢o
210,Mhp Telecom
211,Arte e Dente
212,Impacto Brasas Extintores
213,Ideal Cobrancas
214,Josue Advogados
215,Jave Transportes
216,Policlinica da Familia
217,Save Contabilidade
219,Hepatogastro
220,Impacto Centro Medico
221,Impacto Teds Chippy
222,Ilha da Madeira
223,Delucas Contabilidade
224,LA Materiais
225,Impacto Pet Nobre
226,Sandro Boazal
227,Centro Dermatologico
228,Impacto Fillnet
229,RC Lira
230,Evomax Engenharia
231,Lhotus Descartaveis
233,Impacto Multiconecta
234,Iccap Tres Lagoas
236,Tgtech Inadh Rio
237,Impacto Expresso BR
241,Don Pizza
243,Compurede
244,Impacto Drogaria Pousas
245,On Lauri
246,Impacto Agilcare
247,EAD Training
248,Impacto Amazonflex
249,Impacto Medlife
251,Impacto Auto Renove
252,Franco Assessoria
255,Impacto Ygor Roger
256,Impacto Mold Systems
258,Casa das Tintas
259,Iccap Imperatriz
261,Impacto S Castelo
263,Impacto Moveis Artesanais
265,Impacto Drogaria Mafe
266,Impacto Naodapraesquecer
268,Impacto Admed
269,Gti Plug
270,Impacto Supermerclick
271,Impacto Durafort Industria
272,Impacto Luiz Carlos
274,MS Entregas
275,Impacto Elacqua
277,Impacto Lemmarcas
278,Heaven System
279,Impacto Patrick BW
280,Impacto Medmed Itapema
282,Pedu Educacao
283,Unecont Tecnologia
284,Impacto Hedge Assessoria
285,Impacto Vibe Desenvolvimento
286,BG Tele Tom Plantas
288,JVT Seguros
289,Alvorada Pizzaria
290,Insp - Therm Trafo Service
292,Impacto Mangaravite
293,Impacto Visa Transportes
295,Mobile Transportes
296,Impacto Mais Glass
300,Focco Consultoria
302,Impacto Top de Vendas
303,Iccap Porto Velho
304,Impacto Gts Saude
305,Impacto Anet
306,Impacto Associacao Orion
307,Impacto Voice Atendimento
309,Impacto Moveis Candido
311,Impacto Cia Brasil
312,Impacto Notebookce
313,Soubhia Buritis
314,Soubhia Porangatu
315,E-Deploy
316,Rodobelo Distribuidora
317,Santello Ciasca Advogados
318,Impacto Perfect Color
319,Impacto GS Credit
320,Datanil Constultoria Contabil
321,Impacto Web Soluction
322,Impacto Kdm Adv
325,Unistore
326,Qualifilter
328,Impacto Alex Macedo
329,Impacto Letech
330,Impacto Seguratto Corretora
331,Impacto Durafort Internacional
332,Instituto Otorrino
333,Impacto Link Tecnologia
335,Impacto B3 Garantidora
336,AC Global Travel
337,Impacto Me Localiza Ai
340,Eletrica Taboao
